<?xml version="1.0" encoding="UTF-8"?>
<!DOCTYPE mapper PUBLIC "-//mybatis.org//DTD Mapper 3.0//EN" "http://mybatis.org/dtd/mybatis-3-mapper.dtd">
<mapper namespace="com.project.property.dao.UserComplaintMapper">
    <resultMap id="BaseResultMap" type="com.project.property.entity.UserComplaint">
        <!--@mbg.generated-->
        <!--@Table user_complaint-->
        <id column="id" property="id"/>
        <result column="user_name" property="userName"/>
        <result column="phone" property="phone"/>
        <result column="complaint_info" property="complaintInfo"/>
        <result column="create_date" property="createDate"/>
        <result column="is_solve" property="isSolve"/>
        <result column="user_id" property="userId"/>
    </resultMap>
    <sql id="Base_Column_List">
        <!--@mbg.generated-->
        id, user_name, phone, complaint_info, create_date, is_solve, user_id
    </sql>

    <!-- 根据主键查询单条数据 -->
    <select id="selectByPrimaryKey" parameterType="java.lang.Integer" resultMap="BaseResultMap">
        <!--@mbg.generated-->
        select
        <include refid="Base_Column_List"/>
        from user_complaint
        where id = #{id}
    </select>

    <!-- 根据主键删除 -->
    <delete id="deleteByPrimaryKey" parameterType="java.lang.Integer">
        <!--@mbg.generated-->
        delete
        from user_complaint
        where id In (${ids})
    </delete>

    <!-- 全量插入 -->
    <insert id="insert" keyColumn="id" keyProperty="id" parameterType="com.project.property.entity.UserComplaint"
            useGeneratedKeys="true">
        <!--@mbg.generated-->
        insert into user_complaint (user_name, phone, complaint_info,
                                    create_date, is_solve, user_id)
        values (#{userName,jdbcType=VARCHAR}, #{phone,jdbcType=VARCHAR}, #{complaintInfo,jdbcType=VARCHAR},
                #{createDate}, #{isSolve}, #{userId})
    </insert>

    <!-- 选择性插入 -->
    <insert id="insertSelective" keyColumn="id" keyProperty="id"
            parameterType="com.project.property.entity.UserComplaint" useGeneratedKeys="true">
        <!--@mbg.generated-->
        insert into user_complaint
        <trim prefix="(" suffix=")" suffixOverrides=",">
            <if test="userName != null">
                user_name,
            </if>
            <if test="phone != null">
                phone,
            </if>
            <if test="complaintInfo != null">
                complaint_info,
            </if>
            <if test="createDate != null">
                create_date,
            </if>
            <if test="isSolve != null and isSolve != ''">
                is_solve,
            </if>
            <if test="userId != null">
                user_id,
            </if>
        </trim>
        <trim prefix="values (" suffix=")" suffixOverrides=",">
            <if test="userName != null">
                #{userName,jdbcType=VARCHAR},
            </if>
            <if test="phone != null">
                #{phone,jdbcType=VARCHAR},
            </if>
            <if test="complaintInfo != null">
                #{complaintInfo,jdbcType=VARCHAR},
            </if>
            <if test="createDate != null">
                #{createDate},
            </if>
            <if test="isSolve != null and isSolve != ''">
                #{isSolve},
            </if>
            <if test="userId != null">
                #{userId},
            </if>
        </trim>
    </insert>

    <!-- 根据主键选择性更新 -->
    <update id="updateByPrimaryKeySelective" parameterType="com.project.property.entity.UserComplaint">
        <!--@mbg.generated-->
        update user_complaint
        <set>
            <if test="userName != null">
                user_name = #{userName,jdbcType=VARCHAR},
            </if>
            <if test="phone != null">
                phone = #{phone,jdbcType=VARCHAR},
            </if>
            <if test="complaintInfo != null">
                complaint_info = #{complaintInfo,jdbcType=VARCHAR},
            </if>
            <if test="createDate != null">
                create_date = #{createDate},
            </if>
            <if test="isSolve != null and isSolve != ''">
                is_solve = #{isSolve},
            </if>
            <if test="userId != null">
                user_id = #{userId},
            </if>
        </set>
        where id = #{id}
    </update>

    <!-- 根据主键更新数据 -->
    <update id="updateByPrimaryKey" parameterType="com.project.property.entity.UserComplaint">
        <!--@mbg.generated-->
        update user_complaint
        set user_name      = #{userName,jdbcType=VARCHAR},
            phone          = #{phone,jdbcType=VARCHAR},
            complaint_info = #{complaintInfo,jdbcType=VARCHAR},
            is_solve       = #{isSolve,jdbcType=VARCHAR},
            create_date    = #{createDate}
        where id = #{id}
    </update>

    <!-- 根据条件查询数据 -->
    <select id="selectDataByParam" resultMap="BaseResultMap">
        select
        <include refid="Base_Column_List"/>
        from `user_complaint`
        <where>
            <if test="userId != null">
                user_id = #{userId,jdbcType=INTEGER}
            </if>
        </where>
        order by is_solve
    </select>

    <!-- 查询数据总量 -->
    <select id="selectDataCount" resultType="java.lang.Integer">
        select count(1)
        from `user_complaint`
        <where>
            <if test="userId != null">
                user_id = #{userId,jdbcType=INTEGER}
            </if>
        </where>
    </select>

    <select id="selectByIdAndStatus" resultMap="BaseResultMap">
        select
        <include refid="Base_Column_List"/>
        from user_complaint
        where is_solve = 0
          AND id IN (${ids})
    </select>

    <update id="updateInfoByUserId">
        UPDATE `user_complaint`
        SET user_name = #{userName},
        phone = #{phone}
        WHERE user_id = #{userId}
    </update>
</mapper>